Tag;Instance;Setting;Config;Seed;Timestamp
Dawhigh;..\..\..\..\Material\Instances\0.Weighted30min\Weighted6.xinst;..\..\..\..\Material\Instances\0.Weighted30min\WeightedScenario.xsett;..\..\..\..\Material\Instances\0.Weighted30min\WeightedScenario.xconf;1;20240603-162104
Dawhigh;..\..\..\..\Material\Instances\0.Weighted30min\Weighted6.xinst;..\..\..\..\Material\Instances\0.Weighted30min\WeightedScenario.xsett;..\..\..\..\Material\Instances\0.Weighted30min\WeightedScenario.xconf;2;20240603-162105
Dawhigh;..\..\..\..\Material\Instances\0.Weighted30min\Weighted6.xinst;..\..\..\..\Material\Instances\0.Weighted30min\WeightedScenario.xsett;..\..\..\..\Material\Instances\0.Weighted30min\WeightedScenario.xconf;1;20240603-162107
Dawhigh;..\..\..\..\Material\Instances\0.Weighted30min\Weighted6.xinst;..\..\..\..\Material\Instances\0.Weighted30min\WeightedScenario.xsett;..\..\..\..\Material\Instances\0.Weighted30min\WeightedScenario.xconf;2;20240603-162108
Dawlow;..\..\..\..\Material\Instances\0.Weighted30min\Weighted6.xinst;..\..\..\..\Material\Instances\0.Weighted30min\WeightedScenario.xsett;..\..\..\..\Material\Instances\0.Weighted30min\WeightedScenario.xconf;1;20240603-162109
Dawlow;..\..\..\..\Material\Instances\0.Weighted30min\Weighted6.xinst;..\..\..\..\Material\Instances\0.Weighted30min\WeightedScenario.xsett;..\..\..\..\Material\Instances\0.Weighted30min\WeightedScenario.xconf;2;20240603-162110
Dawlow;..\..\..\..\Material\Instances\0.Weighted30min\Weighted6.xinst;..\..\..\..\Material\Instances\0.Weighted30min\WeightedScenario.xsett;..\..\..\..\Material\Instances\0.Weighted30min\WeightedScenario.xconf;1;20240603-162111
Dawlow;..\..\..\..\Material\Instances\0.Weighted30min\Weighted6.xinst;..\..\..\..\Material\Instances\0.Weighted30min\WeightedScenario.xsett;..\..\..\..\Material\Instances\0.Weighted30min\WeightedScenario.xconf;2;20240603-162112
Dbwhigh;..\..\..\..\Material\Instances\0.Weighted30min\Weighted6.xinst;..\..\..\..\Material\Instances\0.Weighted30min\WeightedScenario.xsett;..\..\..\..\Material\Instances\0.Weighted30min\WeightedScenario.xconf;1;20240603-162113
Dbwhigh;..\..\..\..\Material\Instances\0.Weighted30min\Weighted6.xinst;..\..\..\..\Material\Instances\0.Weighted30min\WeightedScenario.xsett;..\..\..\..\Material\Instances\0.Weighted30min\WeightedScenario.xconf;2;20240603-162114
Dbwhigh;..\..\..\..\Material\Instances\0.Weighted30min\Weighted6.xinst;..\..\..\..\Material\Instances\0.Weighted30min\WeightedScenario.xsett;..\..\..\..\Material\Instances\0.Weighted30min\WeightedScenario.xconf;1;20240603-162116
Dbwhigh;..\..\..\..\Material\Instances\0.Weighted30min\Weighted6.xinst;..\..\..\..\Material\Instances\0.Weighted30min\WeightedScenario.xsett;..\..\..\..\Material\Instances\0.Weighted30min\WeightedScenario.xconf;2;20240603-162117
Dbwlow;..\..\..\..\Material\Instances\0.Weighted30min\Weighted6.xinst;..\..\..\..\Material\Instances\0.Weighted30min\WeightedScenario.xsett;..\..\..\..\Material\Instances\0.Weighted30min\WeightedScenario.xconf;1;20240603-162118
Dbwlow;..\..\..\..\Material\Instances\0.Weighted30min\Weighted6.xinst;..\..\..\..\Material\Instances\0.Weighted30min\WeightedScenario.xsett;..\..\..\..\Material\Instances\0.Weighted30min\WeightedScenario.xconf;2;20240603-162119
Dbwlow;..\..\..\..\Material\Instances\0.Weighted30min\Weighted6.xinst;..\..\..\..\Material\Instances\0.Weighted30min\WeightedScenario.xsett;..\..\..\..\Material\Instances\0.Weighted30min\WeightedScenario.xconf;1;20240603-162120
Dbwlow;..\..\..\..\Material\Instances\0.Weighted30min\Weighted6.xinst;..\..\..\..\Material\Instances\0.Weighted30min\WeightedScenario.xsett;..\..\..\..\Material\Instances\0.Weighted30min\WeightedScenario.xconf;2;20240603-162121
Dcwhigh;..\..\..\..\Material\Instances\0.Weighted30min\Weighted6.xinst;..\..\..\..\Material\Instances\0.Weighted30min\WeightedScenario.xsett;..\..\..\..\Material\Instances\0.Weighted30min\WeightedScenario.xconf;1;20240603-162156
Dcwhigh;..\..\..\..\Material\Instances\0.Weighted30min\Weighted6.xinst;..\..\..\..\Material\Instances\0.Weighted30min\WeightedScenario.xsett;..\..\..\..\Material\Instances\0.Weighted30min\WeightedScenario.xconf;2;20240603-162157
Dcwhigh;..\..\..\..\Material\Instances\0.Weighted30min\Weighted6.xinst;..\..\..\..\Material\Instances\0.Weighted30min\WeightedScenario.xsett;..\..\..\..\Material\Instances\0.Weighted30min\WeightedScenario.xconf;1;20240603-162158
Dcwhigh;..\..\..\..\Material\Instances\0.Weighted30min\Weighted6.xinst;..\..\..\..\Material\Instances\0.Weighted30min\WeightedScenario.xsett;..\..\..\..\Material\Instances\0.Weighted30min\WeightedScenario.xconf;2;20240603-162159
Dcwlow;..\..\..\..\Material\Instances\0.Weighted30min\Weighted6.xinst;..\..\..\..\Material\Instances\0.Weighted30min\WeightedScenario.xsett;..\..\..\..\Material\Instances\0.Weighted30min\WeightedScenario.xconf;1;20240603-162201
Dcwlow;..\..\..\..\Material\Instances\0.Weighted30min\Weighted6.xinst;..\..\..\..\Material\Instances\0.Weighted30min\WeightedScenario.xsett;..\..\..\..\Material\Instances\0.Weighted30min\WeightedScenario.xconf;2;20240603-162202
Dcwlow;..\..\..\..\Material\Instances\0.Weighted30min\Weighted6.xinst;..\..\..\..\Material\Instances\0.Weighted30min\WeightedScenario.xsett;..\..\..\..\Material\Instances\0.Weighted30min\WeightedScenario.xconf;1;20240603-162203
Dcwlow;..\..\..\..\Material\Instances\0.Weighted30min\Weighted6.xinst;..\..\..\..\Material\Instances\0.Weighted30min\WeightedScenario.xsett;..\..\..\..\Material\Instances\0.Weighted30min\WeightedScenario.xconf;2;20240603-162204
Ddwhigh;..\..\..\..\Material\Instances\0.Weighted30min\Weighted6.xinst;..\..\..\..\Material\Instances\0.Weighted30min\WeightedScenario.xsett;..\..\..\..\Material\Instances\0.Weighted30min\WeightedScenario.xconf;1;20240603-162205
Ddwhigh;..\..\..\..\Material\Instances\0.Weighted30min\Weighted6.xinst;..\..\..\..\Material\Instances\0.Weighted30min\WeightedScenario.xsett;..\..\..\..\Material\Instances\0.Weighted30min\WeightedScenario.xconf;2;20240603-162206
Ddwhigh;..\..\..\..\Material\Instances\0.Weighted30min\Weighted6.xinst;..\..\..\..\Material\Instances\0.Weighted30min\WeightedScenario.xsett;..\..\..\..\Material\Instances\0.Weighted30min\WeightedScenario.xconf;1;20240603-162207
Ddwhigh;..\..\..\..\Material\Instances\0.Weighted30min\Weighted6.xinst;..\..\..\..\Material\Instances\0.Weighted30min\WeightedScenario.xsett;..\..\..\..\Material\Instances\0.Weighted30min\WeightedScenario.xconf;2;20240603-162209
Ddwlow;..\..\..\..\Material\Instances\0.Weighted30min\Weighted6.xinst;..\..\..\..\Material\Instances\0.Weighted30min\WeightedScenario.xsett;..\..\..\..\Material\Instances\0.Weighted30min\WeightedScenario.xconf;1;20240603-162210
Ddwlow;..\..\..\..\Material\Instances\0.Weighted30min\Weighted6.xinst;..\..\..\..\Material\Instances\0.Weighted30min\WeightedScenario.xsett;..\..\..\..\Material\Instances\0.Weighted30min\WeightedScenario.xconf;2;20240603-162211
Ddwlow;..\..\..\..\Material\Instances\0.Weighted30min\Weighted6.xinst;..\..\..\..\Material\Instances\0.Weighted30min\WeightedScenario.xsett;..\..\..\..\Material\Instances\0.Weighted30min\WeightedScenario.xconf;1;20240603-162212
Ddwlow;..\..\..\..\Material\Instances\0.Weighted30min\Weighted6.xinst;..\..\..\..\Material\Instances\0.Weighted30min\WeightedScenario.xsett;..\..\..\..\Material\Instances\0.Weighted30min\WeightedScenario.xconf;2;20240603-162213
Dewhigh;..\..\..\..\Material\Instances\0.Weighted30min\Weighted6.xinst;..\..\..\..\Material\Instances\0.Weighted30min\WeightedScenario.xsett;..\..\..\..\Material\Instances\0.Weighted30min\WeightedScenario.xconf;1;20240603-162214
Dewhigh;..\..\..\..\Material\Instances\0.Weighted30min\Weighted6.xinst;..\..\..\..\Material\Instances\0.Weighted30min\WeightedScenario.xsett;..\..\..\..\Material\Instances\0.Weighted30min\WeightedScenario.xconf;2;20240603-162215
Dewhigh;..\..\..\..\Material\Instances\0.Weighted30min\Weighted6.xinst;..\..\..\..\Material\Instances\0.Weighted30min\WeightedScenario.xsett;..\..\..\..\Material\Instances\0.Weighted30min\WeightedScenario.xconf;1;20240603-162216
Dewhigh;..\..\..\..\Material\Instances\0.Weighted30min\Weighted6.xinst;..\..\..\..\Material\Instances\0.Weighted30min\WeightedScenario.xsett;..\..\..\..\Material\Instances\0.Weighted30min\WeightedScenario.xconf;2;20240603-162217
Dewlow;..\..\..\..\Material\Instances\0.Weighted30min\Weighted6.xinst;..\..\..\..\Material\Instances\0.Weighted30min\WeightedScenario.xsett;..\..\..\..\Material\Instances\0.Weighted30min\WeightedScenario.xconf;1;20240603-162219
Dewlow;..\..\..\..\Material\Instances\0.Weighted30min\Weighted6.xinst;..\..\..\..\Material\Instances\0.Weighted30min\WeightedScenario.xsett;..\..\..\..\Material\Instances\0.Weighted30min\WeightedScenario.xconf;2;20240603-162220
Dewlow;..\..\..\..\Material\Instances\0.Weighted30min\Weighted6.xinst;..\..\..\..\Material\Instances\0.Weighted30min\WeightedScenario.xsett;..\..\..\..\Material\Instances\0.Weighted30min\WeightedScenario.xconf;1;20240603-162221
Dewlow;..\..\..\..\Material\Instances\0.Weighted30min\Weighted6.xinst;..\..\..\..\Material\Instances\0.Weighted30min\WeightedScenario.xsett;..\..\..\..\Material\Instances\0.Weighted30min\WeightedScenario.xconf;2;20240603-162222
Dfwhigh;..\..\..\..\Material\Instances\0.Weighted30min\Weighted6.xinst;..\..\..\..\Material\Instances\0.Weighted30min\WeightedScenario.xsett;..\..\..\..\Material\Instances\0.Weighted30min\WeightedScenario.xconf;1;20240603-162223
Dfwhigh;..\..\..\..\Material\Instances\0.Weighted30min\Weighted6.xinst;..\..\..\..\Material\Instances\0.Weighted30min\WeightedScenario.xsett;..\..\..\..\Material\Instances\0.Weighted30min\WeightedScenario.xconf;2;20240603-162224
Dfwhigh;..\..\..\..\Material\Instances\0.Weighted30min\Weighted6.xinst;..\..\..\..\Material\Instances\0.Weighted30min\WeightedScenario.xsett;..\..\..\..\Material\Instances\0.Weighted30min\WeightedScenario.xconf;1;20240603-162225
Dfwhigh;..\..\..\..\Material\Instances\0.Weighted30min\Weighted6.xinst;..\..\..\..\Material\Instances\0.Weighted30min\WeightedScenario.xsett;..\..\..\..\Material\Instances\0.Weighted30min\WeightedScenario.xconf;2;20240603-162226
Dfwlow;..\..\..\..\Material\Instances\0.Weighted30min\Weighted6.xinst;..\..\..\..\Material\Instances\0.Weighted30min\WeightedScenario.xsett;..\..\..\..\Material\Instances\0.Weighted30min\WeightedScenario.xconf;1;20240603-162228
Dfwlow;..\..\..\..\Material\Instances\0.Weighted30min\Weighted6.xinst;..\..\..\..\Material\Instances\0.Weighted30min\WeightedScenario.xsett;..\..\..\..\Material\Instances\0.Weighted30min\WeightedScenario.xconf;2;20240603-162229
Dfwlow;..\..\..\..\Material\Instances\0.Weighted30min\Weighted6.xinst;..\..\..\..\Material\Instances\0.Weighted30min\WeightedScenario.xsett;..\..\..\..\Material\Instances\0.Weighted30min\WeightedScenario.xconf;1;20240603-162230
Dfwlow;..\..\..\..\Material\Instances\0.Weighted30min\Weighted6.xinst;..\..\..\..\Material\Instances\0.Weighted30min\WeightedScenario.xsett;..\..\..\..\Material\Instances\0.Weighted30min\WeightedScenario.xconf;2;20240603-162231
